ID,employeeId,firstname,lastname,phone,email,department_ID
E001,EMP-0001,Aarav,Sharma,9700000000,Aarav.Sharma1@acmeindia.example,D001
E002,EMP-0002,Aditi,Patel,9700000001,Aditi.Patel2@acmeindia.example,D002
E003,EMP-0003,Akash,Mehta,9700000002,Akash.Mehta3@acmeindia.example,D003
E004,EMP-0004,Alisha,Nair,9700000003,Alisha.Nair4@acmeindia.example,D004
E005,EMP-0005,Aman,Singh,9700000004,Aman.Singh5@acmeindia.example,D005
E006,EMP-0006,Amrita,Kapoor,9700000005,Amrita.Kapoor6@acmeindia.example,D006
E007,EMP-0007,Ananya,Rao,9700000006,Ananya.Rao7@acmeindia.example,D007
E008,EMP-0008,Anil,Joshi,9700000007,Anil.Joshi8@acmeindia.example,D008
E009,EMP-0009,Anjali,Iyer,9700000008,Anjali.Iyer9@acmeindia.example,D009
E010,EMP-0010,Arjun,Menon,9700000009,Arjun.Menon10@acmeindia.example,D010
E011,EMP-0011,Aryan,Verma,9700000010,Aryan.Verma11@acmeindia.example,D011
E012,EMP-0012,Ashwin,Desai,9700000011,Ashwin.Desai12@acmeindia.example,D012
E013,EMP-0013,Bhavna,Kulkarni,9700000012,Bhavna.Kulkarni13@acmeindia.example,D013
E014,EMP-0014,Chetan,Bhat,9700000013,Chetan.Bhat14@acmeindia.example,D014
E015,EMP-0015,Deepa,Malhotra,9700000014,Deepa.Malhotra15@acmeindia.example,D015
E016,EMP-0016,Dev,Roy,9700000015,Dev.Roy16@acmeindia.example,D016
E017,EMP-0017,Diya,Chawla,9700000016,Diya.Chawla17@acmeindia.example,D017
E018,EMP-0018,Farhan,Shah,9700000017,Farhan.Shah18@acmeindia.example,D018
E019,EMP-0019,Gaurav,Gupta,9700000018,Gaurav.Gupta19@acmeindia.example,D019
E020,EMP-0020,Harini,Khan,9700000019,Harini.Khan20@acmeindia.example,D020
E021,EMP-0021,Isha,Sharma,9700000020,Isha.Sharma21@acmeindia.example,D001
E022,EMP-0022,Ishaan,Patel,9700000021,Ishaan.Patel22@acmeindia.example,D002
E023,EMP-0023,Jatin,Mehta,9700000022,Jatin.Mehta23@acmeindia.example,D003
E024,EMP-0024,Kajal,Nair,9700000023,Kajal.Nair24@acmeindia.example,D004
E025,EMP-0025,Karan,Singh,9700000024,Karan.Singh25@acmeindia.example,D005
E026,EMP-0026,Kavya,Kapoor,9700000025,Kavya.Kapoor26@acmeindia.example,D006
E027,EMP-0027,Kiran,Rao,9700000026,Kiran.Rao27@acmeindia.example,D007
E028,EMP-0028,Krishna,Joshi,9700000027,Krishna.Joshi28@acmeindia.example,D008
E029,EMP-0029,Lakshmi,Iyer,9700000028,Lakshmi.Iyer29@acmeindia.example,D009
E030,EMP-0030,Manish,Menon,9700000029,Manish.Menon30@acmeindia.example,D010
E031,EMP-0031,Meera,Verma,9700000030,Meera.Verma31@acmeindia.example,D011
E032,EMP-0032,Mohit,Desai,9700000031,Mohit.Desai32@acmeindia.example,D012
E033,EMP-0033,Nandini,Kulkarni,9700000032,Nandini.Kulkarni33@acmeindia.example,D013
E034,EMP-0034,Naveen,Bhat,9700000033,Naveen.Bhat34@acmeindia.example,D014
E035,EMP-0035,Neha,Malhotra,9700000034,Neha.Malhotra35@acmeindia.example,D015
E036,EMP-0036,Nikhil,Roy,9700000035,Nikhil.Roy36@acmeindia.example,D016
E037,EMP-0037,Nisha,Chawla,9700000036,Nisha.Chawla37@acmeindia.example,D017
E038,EMP-0038,Pallavi,Shah,9700000037,Pallavi.Shah38@acmeindia.example,D018
E039,EMP-0039,Pankaj,Gupta,9700000038,Pankaj.Gupta39@acmeindia.example,D019
E040,EMP-0040,Pooja,Khan,9700000039,Pooja.Khan40@acmeindia.example,D020
E041,EMP-0041,Pradeep,Sharma,9700000040,Pradeep.Sharma41@acmeindia.example,D001
E042,EMP-0042,Priya,Patel,9700000041,Priya.Patel42@acmeindia.example,D002
E043,EMP-0043,Rahul,Mehta,9700000042,Rahul.Mehta43@acmeindia.example,D003
E044,EMP-0044,Raj,Nair,9700000043,Raj.Nair44@acmeindia.example,D004
E045,EMP-0045,Rajat,Singh,9700000044,Rajat.Singh45@acmeindia.example,D005
E046,EMP-0046,Rakesh,Kapoor,9700000045,Rakesh.Kapoor46@acmeindia.example,D006
E047,EMP-0047,Rani,Rao,9700000046,Rani.Rao47@acmeindia.example,D007
E048,EMP-0048,Ravi,Joshi,9700000047,Ravi.Joshi48@acmeindia.example,D008
E049,EMP-0049,Reena,Iyer,9700000048,Reena.Iyer49@acmeindia.example,D009
E050,EMP-0050,Rhea,Menon,9700000049,Rhea.Menon50@acmeindia.example,D010
E051,EMP-0051,Rishi,Verma,9700000050,Rishi.Verma51@acmeindia.example,D011
E052,EMP-0052,Rohan,Desai,9700000051,Rohan.Desai52@acmeindia.example,D012
E053,EMP-0053,Rohit,Kulkarni,9700000052,Rohit.Kulkarni53@acmeindia.example,D013
E054,EMP-0054,Sahil,Bhat,9700000053,Sahil.Bhat54@acmeindia.example,D014
E055,EMP-0055,Sakshi,Malhotra,9700000054,Sakshi.Malhotra55@acmeindia.example,D015
E056,EMP-0056,Salman,Roy,9700000055,Salman.Roy56@acmeindia.example,D016
E057,EMP-0057,Sameer,Chawla,9700000056,Sameer.Chawla57@acmeindia.example,D017
E058,EMP-0058,Sanjana,Shah,9700000057,Sanjana.Shah58@acmeindia.example,D018
E059,EMP-0059,Sanjay,Gupta,9700000058,Sanjay.Gupta59@acmeindia.example,D019
E060,EMP-0060,Sanya,Khan,9700000059,Sanya.Khan60@acmeindia.example,D020
E061,EMP-0061,Seema,Sharma,9700000060,Seema.Sharma61@acmeindia.example,D001
E062,EMP-0062,Shivam,Patel,9700000061,Shivam.Patel62@acmeindia.example,D002
E063,EMP-0063,Shruti,Mehta,9700000062,Shruti.Mehta63@acmeindia.example,D003
E064,EMP-0064,Siddharth,Nair,9700000063,Siddharth.Nair64@acmeindia.example,D004
E065,EMP-0065,Simran,Singh,9700000064,Simran.Singh65@acmeindia.example,D005
E066,EMP-0066,Sneha,Kapoor,9700000065,Sneha.Kapoor66@acmeindia.example,D006
E067,EMP-0067,Soham,Rao,9700000066,Soham.Rao67@acmeindia.example,D007
E068,EMP-0068,Sonali,Joshi,9700000067,Sonali.Joshi68@acmeindia.example,D008
E069,EMP-0069,Suresh,Iyer,9700000068,Suresh.Iyer69@acmeindia.example,D009
E070,EMP-0070,Swati,Menon,9700000069,Swati.Menon70@acmeindia.example,D010
E071,EMP-0071,Tanvi,Verma,9700000070,Tanvi.Verma71@acmeindia.example,D011
E072,EMP-0072,Tarun,Desai,9700000071,Tarun.Desai72@acmeindia.example,D012
E073,EMP-0073,Tina,Kulkarni,9700000072,Tina.Kulkarni73@acmeindia.example,D013
E074,EMP-0074,Uday,Bhat,9700000073,Uday.Bhat74@acmeindia.example,D014
E075,EMP-0075,Uma,Malhotra,9700000074,Uma.Malhotra75@acmeindia.example,D015
E076,EMP-0076,Varun,Roy,9700000075,Varun.Roy76@acmeindia.example,D016
E077,EMP-0077,Vasudha,Chawla,9700000076,Vasudha.Chawla77@acmeindia.example,D017
E078,EMP-0078,Vikas,Shah,9700000077,Vikas.Shah78@acmeindia.example,D018
E079,EMP-0079,Vikram,Gupta,9700000078,Vikram.Gupta79@acmeindia.example,D019
E080,EMP-0080,Vinay,Khan,9700000079,Vinay.Khan80@acmeindia.example,D020
E081,EMP-0081,Yash,Sharma,9700000080,Yash.Sharma81@acmeindia.example,D001
E082,EMP-0082,Yogesh,Patel,9700000081,Yogesh.Patel82@acmeindia.example,D002
E083,EMP-0083,Zara,Mehta,9700000082,Zara.Mehta83@acmeindia.example,D003
E084,EMP-0084,Zubin,Nair,9700000083,Zubin.Nair84@acmeindia.example,D004
E085,EMP-0085,Adarsh,Singh,9700000084,Adarsh.Singh85@acmeindia.example,D005
E086,EMP-0086,Bharat,Kapoor,9700000085,Bharat.Kapoor86@acmeindia.example,D006
E087,EMP-0087,Chaitanya,Rao,9700000086,Chaitanya.Rao87@acmeindia.example,D007
E088,EMP-0088,Dinesh,Joshi,9700000087,Dinesh.Joshi88@acmeindia.example,D008
E089,EMP-0089,Ekta,Iyer,9700000088,Ekta.Iyer89@acmeindia.example,D009
E090,EMP-0090,Girish,Menon,9700000089,Girish.Menon90@acmeindia.example,D010
E091,EMP-0091,Hema,Verma,9700000090,Hema.Verma91@acmeindia.example,D011
E092,EMP-0092,Inder,Desai,9700000091,Inder.Desai92@acmeindia.example,D012
E093,EMP-0093,Jaya,Kulkarni,9700000092,Jaya.Kulkarni93@acmeindia.example,D013
E094,EMP-0094,Kartik,Bhat,9700000093,Kartik.Bhat94@acmeindia.example,D014
E095,EMP-0095,Leena,Malhotra,9700000094,Leena.Malhotra95@acmeindia.example,D015
E096,EMP-0096,Madhav,Roy,9700000095,Madhav.Roy96@acmeindia.example,D016
E097,EMP-0097,Namita,Chawla,9700000096,Namita.Chawla97@acmeindia.example,D017
E098,EMP-0098,Om,Shah,9700000097,Om.Shah98@acmeindia.example,D018
E099,EMP-0099,Parth,Gupta,9700000098,Parth.Gupta99@acmeindia.example,D019
E100,EMP-0100,Rekha,Khan,9700000099,Rekha.Khan100@acmeindia.example,D020
