ID,attachment,date,complaint_ID,attachedby_ID
CA001,/uploads/complaints/error-screenshot-001.png,2026-01-02T09:30:00Z,C001,E028
CA002,/uploads/complaints/invoice-copy-002.pdf,2026-01-03T10:30:00Z,C002,E029
CA003,/uploads/complaints/system-log-003.txt,2026-01-04T11:30:00Z,C003,E030
CA004,/uploads/complaints/approval-email-004.pdf,2026-01-05T12:30:00Z,C004,E031
CA005,/uploads/complaints/access-card-photo-005.jpg,2026-01-06T13:30:00Z,C005,E032
CA006,/uploads/complaints/error-screenshot-006.png,2026-01-07T14:30:00Z,C006,E033
CA007,/uploads/complaints/invoice-copy-007.pdf,2026-01-08T15:30:00Z,C007,E034
CA008,/uploads/complaints/system-log-008.txt,2026-01-09T16:30:00Z,C008,E035
CA009,/uploads/complaints/approval-email-009.pdf,2026-01-10T09:30:00Z,C009,E036
CA010,/uploads/complaints/access-card-photo-010.jpg,2026-01-11T10:30:00Z,C010,E037
CA011,/uploads/complaints/error-screenshot-011.png,2026-01-12T11:30:00Z,C011,E038
CA012,/uploads/complaints/invoice-copy-012.pdf,2026-01-13T12:30:00Z,C012,E039
CA013,/uploads/complaints/system-log-013.txt,2026-01-14T13:30:00Z,C013,E040
CA014,/uploads/complaints/approval-email-014.pdf,2026-01-15T14:30:00Z,C014,E041
CA015,/uploads/complaints/access-card-photo-015.jpg,2026-01-16T15:30:00Z,C015,E042
CA016,/uploads/complaints/error-screenshot-016.png,2026-01-17T16:30:00Z,C016,E043
CA017,/uploads/complaints/invoice-copy-017.pdf,2026-01-18T09:30:00Z,C017,E044
CA018,/uploads/complaints/system-log-018.txt,2026-01-19T10:30:00Z,C018,E045
CA019,/uploads/complaints/approval-email-019.pdf,2026-01-20T11:30:00Z,C019,E046
CA020,/uploads/complaints/access-card-photo-020.jpg,2026-01-21T12:30:00Z,C020,E047
CA021,/uploads/complaints/error-screenshot-021.png,2026-01-22T13:30:00Z,C021,E048
CA022,/uploads/complaints/invoice-copy-022.pdf,2026-01-23T14:30:00Z,C022,E049
CA023,/uploads/complaints/system-log-023.txt,2026-01-24T15:30:00Z,C023,E050
CA024,/uploads/complaints/approval-email-024.pdf,2026-01-25T16:30:00Z,C024,E051
CA025,/uploads/complaints/access-card-photo-025.jpg,2026-01-26T09:30:00Z,C025,E052
CA026,/uploads/complaints/error-screenshot-026.png,2026-01-27T10:30:00Z,C026,E053
CA027,/uploads/complaints/invoice-copy-027.pdf,2026-01-28T11:30:00Z,C027,E054
CA028,/uploads/complaints/system-log-028.txt,2026-02-01T12:30:00Z,C028,E055
CA029,/uploads/complaints/approval-email-029.pdf,2026-02-02T13:30:00Z,C029,E056
CA030,/uploads/complaints/access-card-photo-030.jpg,2026-02-03T14:30:00Z,C030,E057
CA031,/uploads/complaints/error-screenshot-031.png,2026-02-04T15:30:00Z,C031,E058
CA032,/uploads/complaints/invoice-copy-032.pdf,2026-02-05T16:30:00Z,C032,E059
CA033,/uploads/complaints/system-log-033.txt,2026-02-06T09:30:00Z,C033,E060
CA034,/uploads/complaints/approval-email-034.pdf,2026-02-07T10:30:00Z,C034,E061
CA035,/uploads/complaints/access-card-photo-035.jpg,2026-02-08T11:30:00Z,C035,E062
CA036,/uploads/complaints/error-screenshot-036.png,2026-02-09T12:30:00Z,C036,E063
CA037,/uploads/complaints/invoice-copy-037.pdf,2026-02-10T13:30:00Z,C037,E064
CA038,/uploads/complaints/system-log-038.txt,2026-02-11T14:30:00Z,C038,E065
CA039,/uploads/complaints/approval-email-039.pdf,2026-02-12T15:30:00Z,C039,E066
CA040,/uploads/complaints/access-card-photo-040.jpg,2026-02-13T16:30:00Z,C040,E067
CA041,/uploads/complaints/error-screenshot-041.png,2026-02-14T09:30:00Z,C041,E068
CA042,/uploads/complaints/invoice-copy-042.pdf,2026-02-15T10:30:00Z,C042,E069
CA043,/uploads/complaints/system-log-043.txt,2026-02-16T11:30:00Z,C043,E070
CA044,/uploads/complaints/approval-email-044.pdf,2026-02-17T12:30:00Z,C044,E071
CA045,/uploads/complaints/access-card-photo-045.jpg,2026-02-18T13:30:00Z,C045,E072
CA046,/uploads/complaints/error-screenshot-046.png,2026-02-19T14:30:00Z,C046,E073
CA047,/uploads/complaints/invoice-copy-047.pdf,2026-02-20T15:30:00Z,C047,E074
CA048,/uploads/complaints/system-log-048.txt,2026-02-21T16:30:00Z,C048,E075
CA049,/uploads/complaints/approval-email-049.pdf,2026-02-22T09:30:00Z,C049,E076
CA050,/uploads/complaints/access-card-photo-050.jpg,2026-02-23T10:30:00Z,C050,E077
CA051,/uploads/complaints/error-screenshot-051.png,2026-02-24T11:30:00Z,C051,E078
CA052,/uploads/complaints/invoice-copy-052.pdf,2026-02-25T12:30:00Z,C052,E079
CA053,/uploads/complaints/system-log-053.txt,2026-02-26T13:30:00Z,C053,E080
CA054,/uploads/complaints/approval-email-054.pdf,2026-02-27T14:30:00Z,C054,E081
CA055,/uploads/complaints/access-card-photo-055.jpg,2026-02-28T15:30:00Z,C055,E082
CA056,/uploads/complaints/error-screenshot-056.png,2026-03-01T16:30:00Z,C056,E083
CA057,/uploads/complaints/invoice-copy-057.pdf,2026-03-02T09:30:00Z,C057,E084
CA058,/uploads/complaints/system-log-058.txt,2026-03-03T10:30:00Z,C058,E085
CA059,/uploads/complaints/approval-email-059.pdf,2026-03-04T11:30:00Z,C059,E086
CA060,/uploads/complaints/access-card-photo-060.jpg,2026-03-05T12:30:00Z,C060,E087
CA061,/uploads/complaints/error-screenshot-061.png,2026-03-06T13:30:00Z,C061,E088
CA062,/uploads/complaints/invoice-copy-062.pdf,2026-03-07T14:30:00Z,C062,E089
CA063,/uploads/complaints/system-log-063.txt,2026-03-08T15:30:00Z,C063,E090
CA064,/uploads/complaints/approval-email-064.pdf,2026-03-09T16:30:00Z,C064,E091
CA065,/uploads/complaints/access-card-photo-065.jpg,2026-03-10T09:30:00Z,C065,E092
CA066,/uploads/complaints/error-screenshot-066.png,2026-03-11T10:30:00Z,C066,E093
CA067,/uploads/complaints/invoice-copy-067.pdf,2026-03-12T11:30:00Z,C067,E094
CA068,/uploads/complaints/system-log-068.txt,2026-03-13T12:30:00Z,C068,E095
CA069,/uploads/complaints/approval-email-069.pdf,2026-03-14T13:30:00Z,C069,E096
CA070,/uploads/complaints/access-card-photo-070.jpg,2026-03-15T14:30:00Z,C070,E097
CA071,/uploads/complaints/error-screenshot-071.png,2026-03-16T15:30:00Z,C071,E098
CA072,/uploads/complaints/invoice-copy-072.pdf,2026-03-17T16:30:00Z,C072,E099
CA073,/uploads/complaints/system-log-073.txt,2026-03-18T09:30:00Z,C073,E100
CA074,/uploads/complaints/approval-email-074.pdf,2026-03-19T10:30:00Z,C074,E001
CA075,/uploads/complaints/access-card-photo-075.jpg,2026-03-20T11:30:00Z,C075,E002
CA076,/uploads/complaints/error-screenshot-076.png,2026-03-21T12:30:00Z,C076,E003
CA077,/uploads/complaints/invoice-copy-077.pdf,2026-03-22T13:30:00Z,C077,E004
CA078,/uploads/complaints/system-log-078.txt,2026-03-23T14:30:00Z,C078,E005
CA079,/uploads/complaints/approval-email-079.pdf,2026-03-24T15:30:00Z,C079,E006
CA080,/uploads/complaints/access-card-photo-080.jpg,2026-03-25T16:30:00Z,C080,E007
CA081,/uploads/complaints/error-screenshot-081.png,2026-03-26T09:30:00Z,C081,E008
CA082,/uploads/complaints/invoice-copy-082.pdf,2026-03-27T10:30:00Z,C082,E009
CA083,/uploads/complaints/system-log-083.txt,2026-03-28T11:30:00Z,C083,E010
CA084,/uploads/complaints/approval-email-084.pdf,2026-04-01T12:30:00Z,C084,E011
CA085,/uploads/complaints/access-card-photo-085.jpg,2026-04-02T13:30:00Z,C085,E012
CA086,/uploads/complaints/error-screenshot-086.png,2026-04-03T14:30:00Z,C086,E013
CA087,/uploads/complaints/invoice-copy-087.pdf,2026-04-04T15:30:00Z,C087,E014
CA088,/uploads/complaints/system-log-088.txt,2026-04-05T16:30:00Z,C088,E015
CA089,/uploads/complaints/approval-email-089.pdf,2026-04-06T09:30:00Z,C089,E016
CA090,/uploads/complaints/access-card-photo-090.jpg,2026-04-07T10:30:00Z,C090,E017
CA091,/uploads/complaints/error-screenshot-091.png,2026-04-08T11:30:00Z,C091,E018
CA092,/uploads/complaints/invoice-copy-092.pdf,2026-04-09T12:30:00Z,C092,E019
CA093,/uploads/complaints/system-log-093.txt,2026-04-10T13:30:00Z,C093,E020
CA094,/uploads/complaints/approval-email-094.pdf,2026-04-11T14:30:00Z,C094,E021
CA095,/uploads/complaints/access-card-photo-095.jpg,2026-04-12T15:30:00Z,C095,E022
CA096,/uploads/complaints/error-screenshot-096.png,2026-04-13T16:30:00Z,C096,E023
CA097,/uploads/complaints/invoice-copy-097.pdf,2026-04-14T09:30:00Z,C097,E024
CA098,/uploads/complaints/system-log-098.txt,2026-04-15T10:30:00Z,C098,E025
CA099,/uploads/complaints/approval-email-099.pdf,2026-04-16T11:30:00Z,C099,E026
CA100,/uploads/complaints/access-card-photo-100.jpg,2026-04-17T12:30:00Z,C100,E027
